Category,Book English,Book Hebrew,order,Chapters,Chapter_Value
cmrokiuhp0000f3hw2ua261dx,Genesis,בראשית,1,1,31
cmrokiuhp0000f3hw2ua261dx,Genesis,בראשית,1,2,25
cmrokiuhp0000f3hw2ua261dx,Genesis,בראשית,1,3,24
cmrokiuhp0000f3hw2ua261dx,Genesis,בראשית,1,4,26
cmrokiuhp0000f3hw2ua261dx,Genesis,בראשית,1,5,32
cmrokiuhp0000f3hw2ua261dx,Genesis,בראשית,1,6,22
cmrokiuhp0000f3hw2ua261dx,Genesis,בראשית,1,7,24
cmrokiuhp0000f3hw2ua261dx,Genesis,בראשית,1,8,22
cmrokiuhp0000f3hw2ua261dx,Genesis,בראשית,1,9,29
cmrokiuhp0000f3hw2ua261dx,Genesis,בראשית,1,10,32
cmrokiuhp0000f3hw2ua261dx,Genesis,בראשית,1,11,32
cmrokiuhp0000f3hw2ua261dx,Genesis,בראשית,1,12,20
cmrokiuhp0000f3hw2ua261dx,Genesis,בראשית,1,13,18
cmrokiuhp0000f3hw2ua261dx,Genesis,בראשית,1,14,24
cmrokiuhp0000f3hw2ua261dx,Genesis,בראשית,1,15,21
cmrokiuhp0000f3hw2ua261dx,Genesis,בראשית,1,16,16
cmrokiuhp0000f3hw2ua261dx,Genesis,בראשית,1,17,27
cmrokiuhp0000f3hw2ua261dx,Genesis,בראשית,1,18,33
cmrokiuhp0000f3hw2ua261dx,Genesis,בראשית,1,19,38
cmrokiuhp0000f3hw2ua261dx,Genesis,בראשית,1,20,18
cmrokiuhp0000f3hw2ua261dx,Genesis,בראשית,1,21,34
cmrokiuhp0000f3hw2ua261dx,Genesis,בראשית,1,22,24
cmrokiuhp0000f3hw2ua261dx,Genesis,בראשית,1,23,20
cmrokiuhp0000f3hw2ua261dx,Genesis,בראשית,1,24,67
cmrokiuhp0000f3hw2ua261dx,Genesis,בראשית,1,25,34
cmrokiuhp0000f3hw2ua261dx,Genesis,בראשית,1,26,35
cmrokiuhp0000f3hw2ua261dx,Genesis,בראשית,1,27,46
cmrokiuhp0000f3hw2ua261dx,Genesis,בראשית,1,28,22
cmrokiuhp0000f3hw2ua261dx,Genesis,בראשית,1,29,35
cmrokiuhp0000f3hw2ua261dx,Genesis,בראשית,1,30,43
cmrokiuhp0000f3hw2ua261dx,Genesis,בראשית,1,31,54
cmrokiuhp0000f3hw2ua261dx,Genesis,בראשית,1,32,33
cmrokiuhp0000f3hw2ua261dx,Genesis,בראשית,1,33,20
cmrokiuhp0000f3hw2ua261dx,Genesis,בראשית,1,34,31
cmrokiuhp0000f3hw2ua261dx,Genesis,בראשית,1,35,29
cmrokiuhp0000f3hw2ua261dx,Genesis,בראשית,1,36,43
cmrokiuhp0000f3hw2ua261dx,Genesis,בראשית,1,37,36
cmrokiuhp0000f3hw2ua261dx,Genesis,בראשית,1,38,30
cmrokiuhp0000f3hw2ua261dx,Genesis,בראשית,1,39,23
cmrokiuhp0000f3hw2ua261dx,Genesis,בראשית,1,40,23
cmrokiuhp0000f3hw2ua261dx,Genesis,בראשית,1,41,57
cmrokiuhp0000f3hw2ua261dx,Genesis,בראשית,1,42,38
cmrokiuhp0000f3hw2ua261dx,Genesis,בראשית,1,43,34
cmrokiuhp0000f3hw2ua261dx,Genesis,בראשית,1,44,34
cmrokiuhp0000f3hw2ua261dx,Genesis,בראשית,1,45,28
cmrokiuhp0000f3hw2ua261dx,Genesis,בראשית,1,46,34
cmrokiuhp0000f3hw2ua261dx,Genesis,בראשית,1,47,31
cmrokiuhp0000f3hw2ua261dx,Genesis,בראשית,1,48,22
cmrokiuhp0000f3hw2ua261dx,Genesis,בראשית,1,49,33
cmrokiuhp0000f3hw2ua261dx,Genesis,בראשית,1,50,26
cmrokiuhp0000f3hw2ua261dx,Exodus,שמות,2,1,22
cmrokiuhp0000f3hw2ua261dx,Exodus,שמות,2,2,25
cmrokiuhp0000f3hw2ua261dx,Exodus,שמות,2,3,22
cmrokiuhp0000f3hw2ua261dx,Exodus,שמות,2,4,31
cmrokiuhp0000f3hw2ua261dx,Exodus,שמות,2,5,23
cmrokiuhp0000f3hw2ua261dx,Exodus,שמות,2,6,30
cmrokiuhp0000f3hw2ua261dx,Exodus,שמות,2,7,29
cmrokiuhp0000f3hw2ua261dx,Exodus,שמות,2,8,28
cmrokiuhp0000f3hw2ua261dx,Exodus,שמות,2,9,35
cmrokiuhp0000f3hw2ua261dx,Exodus,שמות,2,10,29
cmrokiuhp0000f3hw2ua261dx,Exodus,שמות,2,11,10
cmrokiuhp0000f3hw2ua261dx,Exodus,שמות,2,12,51
cmrokiuhp0000f3hw2ua261dx,Exodus,שמות,2,13,22
cmrokiuhp0000f3hw2ua261dx,Exodus,שמות,2,14,31
cmrokiuhp0000f3hw2ua261dx,Exodus,שמות,2,15,27
cmrokiuhp0000f3hw2ua261dx,Exodus,שמות,2,16,36
cmrokiuhp0000f3hw2ua261dx,Exodus,שמות,2,17,16
cmrokiuhp0000f3hw2ua261dx,Exodus,שמות,2,18,27
cmrokiuhp0000f3hw2ua261dx,Exodus,שמות,2,19,25
cmrokiuhp0000f3hw2ua261dx,Exodus,שמות,2,20,26
cmrokiuhp0000f3hw2ua261dx,Exodus,שמות,2,21,37
cmrokiuhp0000f3hw2ua261dx,Exodus,שמות,2,22,30
cmrokiuhp0000f3hw2ua261dx,Exodus,שמות,2,23,33
cmrokiuhp0000f3hw2ua261dx,Exodus,שמות,2,24,18
cmrokiuhp0000f3hw2ua261dx,Exodus,שמות,2,25,40
cmrokiuhp0000f3hw2ua261dx,Exodus,שמות,2,26,37
cmrokiuhp0000f3hw2ua261dx,Exodus,שמות,2,27,21
cmrokiuhp0000f3hw2ua261dx,Exodus,שמות,2,28,43
cmrokiuhp0000f3hw2ua261dx,Exodus,שמות,2,29,46
cmrokiuhp0000f3hw2ua261dx,Exodus,שמות,2,30,38
cmrokiuhp0000f3hw2ua261dx,Exodus,שמות,2,31,18
cmrokiuhp0000f3hw2ua261dx,Exodus,שמות,2,32,35
cmrokiuhp0000f3hw2ua261dx,Exodus,שמות,2,33,23
cmrokiuhp0000f3hw2ua261dx,Exodus,שמות,2,34,35
cmrokiuhp0000f3hw2ua261dx,Exodus,שמות,2,35,35
cmrokiuhp0000f3hw2ua261dx,Exodus,שמות,2,36,38
cmrokiuhp0000f3hw2ua261dx,Exodus,שמות,2,37,29
cmrokiuhp0000f3hw2ua261dx,Exodus,שמות,2,38,31
cmrokiuhp0000f3hw2ua261dx,Exodus,שמות,2,39,43
cmrokiuhp0000f3hw2ua261dx,Exodus,שמות,2,40,38
cmrokiuhp0000f3hw2ua261dx,Leviticus,ויקרא,3,1,17
cmrokiuhp0000f3hw2ua261dx,Leviticus,ויקרא,3,2,16
cmrokiuhp0000f3hw2ua261dx,Leviticus,ויקרא,3,3,17
cmrokiuhp0000f3hw2ua261dx,Leviticus,ויקרא,3,4,35
cmrokiuhp0000f3hw2ua261dx,Leviticus,ויקרא,3,5,26
cmrokiuhp0000f3hw2ua261dx,Leviticus,ויקרא,3,6,23
cmrokiuhp0000f3hw2ua261dx,Leviticus,ויקרא,3,7,38
cmrokiuhp0000f3hw2ua261dx,Leviticus,ויקרא,3,8,36
cmrokiuhp0000f3hw2ua261dx,Leviticus,ויקרא,3,9,24
cmrokiuhp0000f3hw2ua261dx,Leviticus,ויקרא,3,10,20
cmrokiuhp0000f3hw2ua261dx,Leviticus,ויקרא,3,11,47
cmrokiuhp0000f3hw2ua261dx,Leviticus,ויקרא,3,12,8
cmrokiuhp0000f3hw2ua261dx,Leviticus,ויקרא,3,13,59
cmrokiuhp0000f3hw2ua261dx,Leviticus,ויקרא,3,14,57
cmrokiuhp0000f3hw2ua261dx,Leviticus,ויקרא,3,15,33
cmrokiuhp0000f3hw2ua261dx,Leviticus,ויקרא,3,16,34
cmrokiuhp0000f3hw2ua261dx,Leviticus,ויקרא,3,17,16
cmrokiuhp0000f3hw2ua261dx,Leviticus,ויקרא,3,18,30
cmrokiuhp0000f3hw2ua261dx,Leviticus,ויקרא,3,19,37
cmrokiuhp0000f3hw2ua261dx,Leviticus,ויקרא,3,20,27
cmrokiuhp0000f3hw2ua261dx,Leviticus,ויקרא,3,21,24
cmrokiuhp0000f3hw2ua261dx,Leviticus,ויקרא,3,22,33
cmrokiuhp0000f3hw2ua261dx,Leviticus,ויקרא,3,23,44
cmrokiuhp0000f3hw2ua261dx,Leviticus,ויקרא,3,24,23
cmrokiuhp0000f3hw2ua261dx,Leviticus,ויקרא,3,25,55
cmrokiuhp0000f3hw2ua261dx,Leviticus,ויקרא,3,26,46
cmrokiuhp0000f3hw2ua261dx,Leviticus,ויקרא,3,27,34
cmrokiuhp0000f3hw2ua261dx,Numbers,במדבר,4,1,54
cmrokiuhp0000f3hw2ua261dx,Numbers,במדבר,4,2,34
cmrokiuhp0000f3hw2ua261dx,Numbers,במדבר,4,3,51
cmrokiuhp0000f3hw2ua261dx,Numbers,במדבר,4,4,49
cmrokiuhp0000f3hw2ua261dx,Numbers,במדבר,4,5,31
cmrokiuhp0000f3hw2ua261dx,Numbers,במדבר,4,6,27
cmrokiuhp0000f3hw2ua261dx,Numbers,במדבר,4,7,89
cmrokiuhp0000f3hw2ua261dx,Numbers,במדבר,4,8,26
cmrokiuhp0000f3hw2ua261dx,Numbers,במדבר,4,9,23
cmrokiuhp0000f3hw2ua261dx,Numbers,במדבר,4,10,36
cmrokiuhp0000f3hw2ua261dx,Numbers,במדבר,4,11,35
cmrokiuhp0000f3hw2ua261dx,Numbers,במדבר,4,12,16
cmrokiuhp0000f3hw2ua261dx,Numbers,במדבר,4,13,33
cmrokiuhp0000f3hw2ua261dx,Numbers,במדבר,4,14,45
cmrokiuhp0000f3hw2ua261dx,Numbers,במדבר,4,15,41
cmrokiuhp0000f3hw2ua261dx,Numbers,במדבר,4,16,35
cmrokiuhp0000f3hw2ua261dx,Numbers,במדבר,4,17,28
cmrokiuhp0000f3hw2ua261dx,Numbers,במדבר,4,18,32
cmrokiuhp0000f3hw2ua261dx,Numbers,במדבר,4,19,22
cmrokiuhp0000f3hw2ua261dx,Numbers,במדבר,4,20,29
cmrokiuhp0000f3hw2ua261dx,Numbers,במדבר,4,21,35
cmrokiuhp0000f3hw2ua261dx,Numbers,במדבר,4,22,41
cmrokiuhp0000f3hw2ua261dx,Numbers,במדבר,4,23,30
cmrokiuhp0000f3hw2ua261dx,Numbers,במדבר,4,24,25
cmrokiuhp0000f3hw2ua261dx,Numbers,במדבר,4,25,18
cmrokiuhp0000f3hw2ua261dx,Numbers,במדבר,4,26,65
cmrokiuhp0000f3hw2ua261dx,Numbers,במדבר,4,27,23
cmrokiuhp0000f3hw2ua261dx,Numbers,במדבר,4,28,31
cmrokiuhp0000f3hw2ua261dx,Numbers,במדבר,4,29,39
cmrokiuhp0000f3hw2ua261dx,Numbers,במדבר,4,30,17
cmrokiuhp0000f3hw2ua261dx,Numbers,במדבר,4,31,54
cmrokiuhp0000f3hw2ua261dx,Numbers,במדבר,4,32,42
cmrokiuhp0000f3hw2ua261dx,Numbers,במדבר,4,33,56
cmrokiuhp0000f3hw2ua261dx,Numbers,במדבר,4,34,29
cmrokiuhp0000f3hw2ua261dx,Numbers,במדבר,4,35,34
cmrokiuhp0000f3hw2ua261dx,Numbers,במדבר,4,36,13
cmrokiuhp0000f3hw2ua261dx,Deuteronomy,דברים,5,1,46
cmrokiuhp0000f3hw2ua261dx,Deuteronomy,דברים,5,2,37
cmrokiuhp0000f3hw2ua261dx,Deuteronomy,דברים,5,3,29
cmrokiuhp0000f3hw2ua261dx,Deuteronomy,דברים,5,4,49
cmrokiuhp0000f3hw2ua261dx,Deuteronomy,דברים,5,5,33
cmrokiuhp0000f3hw2ua261dx,Deuteronomy,דברים,5,6,25
cmrokiuhp0000f3hw2ua261dx,Deuteronomy,דברים,5,7,26
cmrokiuhp0000f3hw2ua261dx,Deuteronomy,דברים,5,8,20
cmrokiuhp0000f3hw2ua261dx,Deuteronomy,דברים,5,9,29
cmrokiuhp0000f3hw2ua261dx,Deuteronomy,דברים,5,10,22
cmrokiuhp0000f3hw2ua261dx,Deuteronomy,דברים,5,11,32
cmrokiuhp0000f3hw2ua261dx,Deuteronomy,דברים,5,12,31
cmrokiuhp0000f3hw2ua261dx,Deuteronomy,דברים,5,13,19
cmrokiuhp0000f3hw2ua261dx,Deuteronomy,דברים,5,14,29
cmrokiuhp0000f3hw2ua261dx,Deuteronomy,דברים,5,15,23
cmrokiuhp0000f3hw2ua261dx,Deuteronomy,דברים,5,16,22
cmrokiuhp0000f3hw2ua261dx,Deuteronomy,דברים,5,17,20
cmrokiuhp0000f3hw2ua261dx,Deuteronomy,דברים,5,18,22
cmrokiuhp0000f3hw2ua261dx,Deuteronomy,דברים,5,19,21
cmrokiuhp0000f3hw2ua261dx,Deuteronomy,דברים,5,20,20
cmrokiuhp0000f3hw2ua261dx,Deuteronomy,דברים,5,21,23
cmrokiuhp0000f3hw2ua261dx,Deuteronomy,דברים,5,22,29
cmrokiuhp0000f3hw2ua261dx,Deuteronomy,דברים,5,23,26
cmrokiuhp0000f3hw2ua261dx,Deuteronomy,דברים,5,24,22
cmrokiuhp0000f3hw2ua261dx,Deuteronomy,דברים,5,25,19
cmrokiuhp0000f3hw2ua261dx,Deuteronomy,דברים,5,26,19
cmrokiuhp0000f3hw2ua261dx,Deuteronomy,דברים,5,27,26
cmrokiuhp0000f3hw2ua261dx,Deuteronomy,דברים,5,28,69
cmrokiuhp0000f3hw2ua261dx,Deuteronomy,דברים,5,29,28
cmrokiuhp0000f3hw2ua261dx,Deuteronomy,דברים,5,30,20
cmrokiuhp0000f3hw2ua261dx,Deuteronomy,דברים,5,31,30
cmrokiuhp0000f3hw2ua261dx,Deuteronomy,דברים,5,32,52
cmrokiuhp0000f3hw2ua261dx,Deuteronomy,דברים,5,33,29
cmrokiuhp0000f3hw2ua261dx,Deuteronomy,דברים,5,34,12
cmrokiuhp0000f3hw2ua261dy,Joshua,יהושע,1,1,18
cmrokiuhp0000f3hw2ua261dy,Joshua,יהושע,1,2,24
cmrokiuhp0000f3hw2ua261dy,Joshua,יהושע,1,3,17
cmrokiuhp0000f3hw2ua261dy,Joshua,יהושע,1,4,24
cmrokiuhp0000f3hw2ua261dy,Joshua,יהושע,1,5,15
cmrokiuhp0000f3hw2ua261dy,Joshua,יהושע,1,6,27
cmrokiuhp0000f3hw2ua261dy,Joshua,יהושע,1,7,26
cmrokiuhp0000f3hw2ua261dy,Joshua,יהושע,1,8,35
cmrokiuhp0000f3hw2ua261dy,Joshua,יהושע,1,9,27
cmrokiuhp0000f3hw2ua261dy,Joshua,יהושע,1,10,43
cmrokiuhp0000f3hw2ua261dy,Joshua,יהושע,1,11,23
cmrokiuhp0000f3hw2ua261dy,Joshua,יהושע,1,12,24
cmrokiuhp0000f3hw2ua261dy,Joshua,יהושע,1,13,33
cmrokiuhp0000f3hw2ua261dy,Joshua,יהושע,1,14,15
cmrokiuhp0000f3hw2ua261dy,Joshua,יהושע,1,15,63
cmrokiuhp0000f3hw2ua261dy,Joshua,יהושע,1,16,10
cmrokiuhp0000f3hw2ua261dy,Joshua,יהושע,1,17,18
cmrokiuhp0000f3hw2ua261dy,Joshua,יהושע,1,18,28
cmrokiuhp0000f3hw2ua261dy,Joshua,יהושע,1,19,51
cmrokiuhp0000f3hw2ua261dy,Joshua,יהושע,1,20,9
cmrokiuhp0000f3hw2ua261dy,Joshua,יהושע,1,21,45
cmrokiuhp0000f3hw2ua261dy,Joshua,יהושע,1,22,34
cmrokiuhp0000f3hw2ua261dy,Joshua,יהושע,1,23,16
cmrokiuhp0000f3hw2ua261dy,Joshua,יהושע,1,24,33
cmrokiuhp0000f3hw2ua261dy,Judges,שופטים,2,1,36
cmrokiuhp0000f3hw2ua261dy,Judges,שופטים,2,2,23
cmrokiuhp0000f3hw2ua261dy,Judges,שופטים,2,3,31
cmrokiuhp0000f3hw2ua261dy,Judges,שופטים,2,4,24
cmrokiuhp0000f3hw2ua261dy,Judges,שופטים,2,5,31
cmrokiuhp0000f3hw2ua261dy,Judges,שופטים,2,6,40
cmrokiuhp0000f3hw2ua261dy,Judges,שופטים,2,7,25
cmrokiuhp0000f3hw2ua261dy,Judges,שופטים,2,8,35
cmrokiuhp0000f3hw2ua261dy,Judges,שופטים,2,9,57
cmrokiuhp0000f3hw2ua261dy,Judges,שופטים,2,10,18
cmrokiuhp0000f3hw2ua261dy,Judges,שופטים,2,11,40
cmrokiuhp0000f3hw2ua261dy,Judges,שופטים,2,12,15
cmrokiuhp0000f3hw2ua261dy,Judges,שופטים,2,13,25
cmrokiuhp0000f3hw2ua261dy,Judges,שופטים,2,14,20
cmrokiuhp0000f3hw2ua261dy,Judges,שופטים,2,15,20
cmrokiuhp0000f3hw2ua261dy,Judges,שופטים,2,16,31
cmrokiuhp0000f3hw2ua261dy,Judges,שופטים,2,17,13
cmrokiuhp0000f3hw2ua261dy,Judges,שופטים,2,18,31
cmrokiuhp0000f3hw2ua261dy,Judges,שופטים,2,19,30
cmrokiuhp0000f3hw2ua261dy,Judges,שופטים,2,20,48
cmrokiuhp0000f3hw2ua261dy,Judges,שופטים,2,21,25
cmrokiuhp0000f3hw2ua261dy,1 Samuel,שמואל א,3,1,28
cmrokiuhp0000f3hw2ua261dy,1 Samuel,שמואל א,3,2,36
cmrokiuhp0000f3hw2ua261dy,1 Samuel,שמואל א,3,3,21
cmrokiuhp0000f3hw2ua261dy,1 Samuel,שמואל א,3,4,22
cmrokiuhp0000f3hw2ua261dy,1 Samuel,שמואל א,3,5,12
cmrokiuhp0000f3hw2ua261dy,1 Samuel,שמואל א,3,6,21
cmrokiuhp0000f3hw2ua261dy,1 Samuel,שמואל א,3,7,17
cmrokiuhp0000f3hw2ua261dy,1 Samuel,שמואל א,3,8,22
cmrokiuhp0000f3hw2ua261dy,1 Samuel,שמואל א,3,9,27
cmrokiuhp0000f3hw2ua261dy,1 Samuel,שמואל א,3,10,27
cmrokiuhp0000f3hw2ua261dy,1 Samuel,שמואל א,3,11,15
cmrokiuhp0000f3hw2ua261dy,1 Samuel,שמואל א,3,12,25
cmrokiuhp0000f3hw2ua261dy,1 Samuel,שמואל א,3,13,23
cmrokiuhp0000f3hw2ua261dy,1 Samuel,שמואל א,3,14,52
cmrokiuhp0000f3hw2ua261dy,1 Samuel,שמואל א,3,15,35
cmrokiuhp0000f3hw2ua261dy,1 Samuel,שמואל א,3,16,23
cmrokiuhp0000f3hw2ua261dy,1 Samuel,שמואל א,3,17,58
cmrokiuhp0000f3hw2ua261dy,1 Samuel,שמואל א,3,18,30
cmrokiuhp0000f3hw2ua261dy,1 Samuel,שמואל א,3,19,24
cmrokiuhp0000f3hw2ua261dy,1 Samuel,שמואל א,3,20,42
cmrokiuhp0000f3hw2ua261dy,1 Samuel,שמואל א,3,21,16
cmrokiuhp0000f3hw2ua261dy,1 Samuel,שמואל א,3,22,23
cmrokiuhp0000f3hw2ua261dy,1 Samuel,שמואל א,3,23,28
cmrokiuhp0000f3hw2ua261dy,1 Samuel,שמואל א,3,24,23
cmrokiuhp0000f3hw2ua261dy,1 Samuel,שמואל א,3,25,43
cmrokiuhp0000f3hw2ua261dy,1 Samuel,שמואל א,3,26,25
cmrokiuhp0000f3hw2ua261dy,1 Samuel,שמואל א,3,27,12
cmrokiuhp0000f3hw2ua261dy,1 Samuel,שמואל א,3,28,25
cmrokiuhp0000f3hw2ua261dy,1 Samuel,שמואל א,3,29,11
cmrokiuhp0000f3hw2ua261dy,1 Samuel,שמואל א,3,30,31
cmrokiuhp0000f3hw2ua261dy,1 Samuel,שמואל א,3,31,13
cmrokiuhp0000f3hw2ua261dy,2 Samuel,שמואל ב,4,1,27
cmrokiuhp0000f3hw2ua261dy,2 Samuel,שמואל ב,4,2,32
cmrokiuhp0000f3hw2ua261dy,2 Samuel,שמואל ב,4,3,39
cmrokiuhp0000f3hw2ua261dy,2 Samuel,שמואל ב,4,4,12
cmrokiuhp0000f3hw2ua261dy,2 Samuel,שמואל ב,4,5,25
cmrokiuhp0000f3hw2ua261dy,2 Samuel,שמואל ב,4,6,23
cmrokiuhp0000f3hw2ua261dy,2 Samuel,שמואל ב,4,7,29
cmrokiuhp0000f3hw2ua261dy,2 Samuel,שמואל ב,4,8,18
cmrokiuhp0000f3hw2ua261dy,2 Samuel,שמואל ב,4,9,13
cmrokiuhp0000f3hw2ua261dy,2 Samuel,שמואל ב,4,10,19
cmrokiuhp0000f3hw2ua261dy,2 Samuel,שמואל ב,4,11,27
cmrokiuhp0000f3hw2ua261dy,2 Samuel,שמואל ב,4,12,31
cmrokiuhp0000f3hw2ua261dy,2 Samuel,שמואל ב,4,13,39
cmrokiuhp0000f3hw2ua261dy,2 Samuel,שמואל ב,4,14,33
cmrokiuhp0000f3hw2ua261dy,2 Samuel,שמואל ב,4,15,37
cmrokiuhp0000f3hw2ua261dy,2 Samuel,שמואל ב,4,16,23
cmrokiuhp0000f3hw2ua261dy,2 Samuel,שמואל ב,4,17,29
cmrokiuhp0000f3hw2ua261dy,2 Samuel,שמואל ב,4,18,32
cmrokiuhp0000f3hw2ua261dy,2 Samuel,שמואל ב,4,19,44
cmrokiuhp0000f3hw2ua261dy,2 Samuel,שמואל ב,4,20,26
cmrokiuhp0000f3hw2ua261dy,2 Samuel,שמואל ב,4,21,22
cmrokiuhp0000f3hw2ua261dy,2 Samuel,שמואל ב,4,22,51
cmrokiuhp0000f3hw2ua261dy,2 Samuel,שמואל ב,4,23,39
cmrokiuhp0000f3hw2ua261dy,2 Samuel,שמואל ב,4,24,25
cmrokiuhp0000f3hw2ua261dy,1 Kings,מלכים א,5,1,53
cmrokiuhp0000f3hw2ua261dy,1 Kings,מלכים א,5,2,46
cmrokiuhp0000f3hw2ua261dy,1 Kings,מלכים א,5,3,28
cmrokiuhp0000f3hw2ua261dy,1 Kings,מלכים א,5,4,34
cmrokiuhp0000f3hw2ua261dy,1 Kings,מלכים א,5,5,18
cmrokiuhp0000f3hw2ua261dy,1 Kings,מלכים א,5,6,38
cmrokiuhp0000f3hw2ua261dy,1 Kings,מלכים א,5,7,51
cmrokiuhp0000f3hw2ua261dy,1 Kings,מלכים א,5,8,66
cmrokiuhp0000f3hw2ua261dy,1 Kings,מלכים א,5,9,28
cmrokiuhp0000f3hw2ua261dy,1 Kings,מלכים א,5,10,29
cmrokiuhp0000f3hw2ua261dy,1 Kings,מלכים א,5,11,43
cmrokiuhp0000f3hw2ua261dy,1 Kings,מלכים א,5,12,33
cmrokiuhp0000f3hw2ua261dy,1 Kings,מלכים א,5,13,34
cmrokiuhp0000f3hw2ua261dy,1 Kings,מלכים א,5,14,31
cmrokiuhp0000f3hw2ua261dy,1 Kings,מלכים א,5,15,34
cmrokiuhp0000f3hw2ua261dy,1 Kings,מלכים א,5,16,34
cmrokiuhp0000f3hw2ua261dy,1 Kings,מלכים א,5,17,24
cmrokiuhp0000f3hw2ua261dy,1 Kings,מלכים א,5,18,46
cmrokiuhp0000f3hw2ua261dy,1 Kings,מלכים א,5,19,21
cmrokiuhp0000f3hw2ua261dy,1 Kings,מלכים א,5,20,43
cmrokiuhp0000f3hw2ua261dy,1 Kings,מלכים א,5,21,29
cmrokiuhp0000f3hw2ua261dy,1 Kings,מלכים א,5,22,53
cmrokiuhp0000f3hw2ua261dy,2 Kings,מלכים ב,6,1,18
cmrokiuhp0000f3hw2ua261dy,2 Kings,מלכים ב,6,2,25
cmrokiuhp0000f3hw2ua261dy,2 Kings,מלכים ב,6,3,27
cmrokiuhp0000f3hw2ua261dy,2 Kings,מלכים ב,6,4,44
cmrokiuhp0000f3hw2ua261dy,2 Kings,מלכים ב,6,5,27
cmrokiuhp0000f3hw2ua261dy,2 Kings,מלכים ב,6,6,33
cmrokiuhp0000f3hw2ua261dy,2 Kings,מלכים ב,6,7,20
cmrokiuhp0000f3hw2ua261dy,2 Kings,מלכים ב,6,8,29
cmrokiuhp0000f3hw2ua261dy,2 Kings,מלכים ב,6,9,37
cmrokiuhp0000f3hw2ua261dy,2 Kings,מלכים ב,6,10,36
cmrokiuhp0000f3hw2ua261dy,2 Kings,מלכים ב,6,11,20
cmrokiuhp0000f3hw2ua261dy,2 Kings,מלכים ב,6,12,22
cmrokiuhp0000f3hw2ua261dy,2 Kings,מלכים ב,6,13,25
cmrokiuhp0000f3hw2ua261dy,2 Kings,מלכים ב,6,14,29
cmrokiuhp0000f3hw2ua261dy,2 Kings,מלכים ב,6,15,38
cmrokiuhp0000f3hw2ua261dy,2 Kings,מלכים ב,6,16,20
cmrokiuhp0000f3hw2ua261dy,2 Kings,מלכים ב,6,17,41
cmrokiuhp0000f3hw2ua261dy,2 Kings,מלכים ב,6,18,37
cmrokiuhp0000f3hw2ua261dy,2 Kings,מלכים ב,6,19,37
cmrokiuhp0000f3hw2ua261dy,2 Kings,מלכים ב,6,20,21
cmrokiuhp0000f3hw2ua261dy,2 Kings,מלכים ב,6,21,26
cmrokiuhp0000f3hw2ua261dy,2 Kings,מלכים ב,6,22,20
cmrokiuhp0000f3hw2ua261dy,2 Kings,מלכים ב,6,23,37
cmrokiuhp0000f3hw2ua261dy,2 Kings,מלכים ב,6,24,20
cmrokiuhp0000f3hw2ua261dy,2 Kings,מלכים ב,6,25,30
cmrokiuhp0000f3hw2ua261dy,Isaiah,ישעיהו,7,1,31
cmrokiuhp0000f3hw2ua261dy,Isaiah,ישעיהו,7,2,22
cmrokiuhp0000f3hw2ua261dy,Isaiah,ישעיהו,7,3,26
cmrokiuhp0000f3hw2ua261dy,Isaiah,ישעיהו,7,4,6
cmrokiuhp0000f3hw2ua261dy,Isaiah,ישעיהו,7,5,30
cmrokiuhp0000f3hw2ua261dy,Isaiah,ישעיהו,7,6,13
cmrokiuhp0000f3hw2ua261dy,Isaiah,ישעיהו,7,7,25
cmrokiuhp0000f3hw2ua261dy,Isaiah,ישעיהו,7,8,22
cmrokiuhp0000f3hw2ua261dy,Isaiah,ישעיהו,7,9,21
cmrokiuhp0000f3hw2ua261dy,Isaiah,ישעיהו,7,10,34
cmrokiuhp0000f3hw2ua261dy,Isaiah,ישעיהו,7,11,16
cmrokiuhp0000f3hw2ua261dy,Isaiah,ישעיהו,7,12,6
cmrokiuhp0000f3hw2ua261dy,Isaiah,ישעיהו,7,13,22
cmrokiuhp0000f3hw2ua261dy,Isaiah,ישעיהו,7,14,32
cmrokiuhp0000f3hw2ua261dy,Isaiah,ישעיהו,7,15,9
cmrokiuhp0000f3hw2ua261dy,Isaiah,ישעיהו,7,16,14
cmrokiuhp0000f3hw2ua261dy,Isaiah,ישעיהו,7,17,14
cmrokiuhp0000f3hw2ua261dy,Isaiah,ישעיהו,7,18,7
cmrokiuhp0000f3hw2ua261dy,Isaiah,ישעיהו,7,19,25
cmrokiuhp0000f3hw2ua261dy,Isaiah,ישעיהו,7,20,6
cmrokiuhp0000f3hw2ua261dy,Isaiah,ישעיהו,7,21,17
cmrokiuhp0000f3hw2ua261dy,Isaiah,ישעיהו,7,22,25
cmrokiuhp0000f3hw2ua261dy,Isaiah,ישעיהו,7,23,18
cmrokiuhp0000f3hw2ua261dy,Isaiah,ישעיהו,7,24,23
cmrokiuhp0000f3hw2ua261dy,Isaiah,ישעיהו,7,25,12
cmrokiuhp0000f3hw2ua261dy,Isaiah,ישעיהו,7,26,21
cmrokiuhp0000f3hw2ua261dy,Isaiah,ישעיהו,7,27,13
cmrokiuhp0000f3hw2ua261dy,Isaiah,ישעיהו,7,28,29
cmrokiuhp0000f3hw2ua261dy,Isaiah,ישעיהו,7,29,24
cmrokiuhp0000f3hw2ua261dy,Isaiah,ישעיהו,7,30,33
cmrokiuhp0000f3hw2ua261dy,Isaiah,ישעיהו,7,31,9
cmrokiuhp0000f3hw2ua261dy,Isaiah,ישעיהו,7,32,20
cmrokiuhp0000f3hw2ua261dy,Isaiah,ישעיהו,7,33,24
cmrokiuhp0000f3hw2ua261dy,Isaiah,ישעיהו,7,34,17
cmrokiuhp0000f3hw2ua261dy,Isaiah,ישעיהו,7,35,10
cmrokiuhp0000f3hw2ua261dy,Isaiah,ישעיהו,7,36,22
cmrokiuhp0000f3hw2ua261dy,Isaiah,ישעיהו,7,37,38
cmrokiuhp0000f3hw2ua261dy,Isaiah,ישעיהו,7,38,22
cmrokiuhp0000f3hw2ua261dy,Isaiah,ישעיהו,7,39,8
cmrokiuhp0000f3hw2ua261dy,Isaiah,ישעיהו,7,40,31
cmrokiuhp0000f3hw2ua261dy,Isaiah,ישעיהו,7,41,29
cmrokiuhp0000f3hw2ua261dy,Isaiah,ישעיהו,7,42,25
cmrokiuhp0000f3hw2ua261dy,Isaiah,ישעיהו,7,43,28
cmrokiuhp0000f3hw2ua261dy,Isaiah,ישעיהו,7,44,28
cmrokiuhp0000f3hw2ua261dy,Isaiah,ישעיהו,7,45,25
cmrokiuhp0000f3hw2ua261dy,Isaiah,ישעיהו,7,46,13
cmrokiuhp0000f3hw2ua261dy,Isaiah,ישעיהו,7,47,15
cmrokiuhp0000f3hw2ua261dy,Isaiah,ישעיהו,7,48,22
cmrokiuhp0000f3hw2ua261dy,Isaiah,ישעיהו,7,49,26
cmrokiuhp0000f3hw2ua261dy,Isaiah,ישעיהו,7,50,11
cmrokiuhp0000f3hw2ua261dy,Isaiah,ישעיהו,7,51,23
cmrokiuhp0000f3hw2ua261dy,Isaiah,ישעיהו,7,52,15
cmrokiuhp0000f3hw2ua261dy,Isaiah,ישעיהו,7,53,12
cmrokiuhp0000f3hw2ua261dy,Isaiah,ישעיהו,7,54,17
cmrokiuhp0000f3hw2ua261dy,Isaiah,ישעיהו,7,55,13
cmrokiuhp0000f3hw2ua261dy,Isaiah,ישעיהו,7,56,12
cmrokiuhp0000f3hw2ua261dy,Isaiah,ישעיהו,7,57,21
cmrokiuhp0000f3hw2ua261dy,Isaiah,ישעיהו,7,58,14
cmrokiuhp0000f3hw2ua261dy,Isaiah,ישעיהו,7,59,21
cmrokiuhp0000f3hw2ua261dy,Isaiah,ישעיהו,7,60,22
cmrokiuhp0000f3hw2ua261dy,Isaiah,ישעיהו,7,61,11
cmrokiuhp0000f3hw2ua261dy,Isaiah,ישעיהו,7,62,12
cmrokiuhp0000f3hw2ua261dy,Isaiah,ישעיהו,7,63,19
cmrokiuhp0000f3hw2ua261dy,Isaiah,ישעיהו,7,64,12
cmrokiuhp0000f3hw2ua261dy,Isaiah,ישעיהו,7,65,25
cmrokiuhp0000f3hw2ua261dy,Isaiah,ישעיהו,7,66,24
cmrokiuhp0000f3hw2ua261dy,Jeremiah,ירמיהו,8,1,19
cmrokiuhp0000f3hw2ua261dy,Jeremiah,ירמיהו,8,2,37
cmrokiuhp0000f3hw2ua261dy,Jeremiah,ירמיהו,8,3,25
cmrokiuhp0000f3hw2ua261dy,Jeremiah,ירמיהו,8,4,31
cmrokiuhp0000f3hw2ua261dy,Jeremiah,ירמיהו,8,5,31
cmrokiuhp0000f3hw2ua261dy,Jeremiah,ירמיהו,8,6,30
cmrokiuhp0000f3hw2ua261dy,Jeremiah,ירמיהו,8,7,34
cmrokiuhp0000f3hw2ua261dy,Jeremiah,ירמיהו,8,8,23
cmrokiuhp0000f3hw2ua261dy,Jeremiah,ירמיהו,8,9,25
cmrokiuhp0000f3hw2ua261dy,Jeremiah,ירמיהו,8,10,25
cmrokiuhp0000f3hw2ua261dy,Jeremiah,ירמיהו,8,11,23
cmrokiuhp0000f3hw2ua261dy,Jeremiah,ירמיהו,8,12,17
cmrokiuhp0000f3hw2ua261dy,Jeremiah,ירמיהו,8,13,27
cmrokiuhp0000f3hw2ua261dy,Jeremiah,ירמיהו,8,14,22
cmrokiuhp0000f3hw2ua261dy,Jeremiah,ירמיהו,8,15,21
cmrokiuhp0000f3hw2ua261dy,Jeremiah,ירמיהו,8,16,21
cmrokiuhp0000f3hw2ua261dy,Jeremiah,ירמיהו,8,17,27
cmrokiuhp0000f3hw2ua261dy,Jeremiah,ירמיהו,8,18,23
cmrokiuhp0000f3hw2ua261dy,Jeremiah,ירמיהו,8,19,15
cmrokiuhp0000f3hw2ua261dy,Jeremiah,ירמיהו,8,20,18
cmrokiuhp0000f3hw2ua261dy,Jeremiah,ירמיהו,8,21,14
cmrokiuhp0000f3hw2ua261dy,Jeremiah,ירמיהו,8,22,30
cmrokiuhp0000f3hw2ua261dy,Jeremiah,ירמיהו,8,23,40
cmrokiuhp0000f3hw2ua261dy,Jeremiah,ירמיהו,8,24,10
cmrokiuhp0000f3hw2ua261dy,Jeremiah,ירמיהו,8,25,38
cmrokiuhp0000f3hw2ua261dy,Jeremiah,ירמיהו,8,26,24
cmrokiuhp0000f3hw2ua261dy,Jeremiah,ירמיהו,8,27,22
cmrokiuhp0000f3hw2ua261dy,Jeremiah,ירמיהו,8,28,17
cmrokiuhp0000f3hw2ua261dy,Jeremiah,ירמיהו,8,29,32
cmrokiuhp0000f3hw2ua261dy,Jeremiah,ירמיהו,8,30,24
cmrokiuhp0000f3hw2ua261dy,Jeremiah,ירמיהו,8,31,40
cmrokiuhp0000f3hw2ua261dy,Jeremiah,ירמיהו,8,32,44
cmrokiuhp0000f3hw2ua261dy,Jeremiah,ירמיהו,8,33,26
cmrokiuhp0000f3hw2ua261dy,Jeremiah,ירמיהו,8,34,22
cmrokiuhp0000f3hw2ua261dy,Jeremiah,ירמיהו,8,35,19
cmrokiuhp0000f3hw2ua261dy,Jeremiah,ירמיהו,8,36,32
cmrokiuhp0000f3hw2ua261dy,Jeremiah,ירמיהו,8,37,21
cmrokiuhp0000f3hw2ua261dy,Jeremiah,ירמיהו,8,38,28
cmrokiuhp0000f3hw2ua261dy,Jeremiah,ירמיהו,8,39,18
cmrokiuhp0000f3hw2ua261dy,Jeremiah,ירמיהו,8,40,16
cmrokiuhp0000f3hw2ua261dy,Jeremiah,ירמיהו,8,41,18
cmrokiuhp0000f3hw2ua261dy,Jeremiah,ירמיהו,8,42,22
cmrokiuhp0000f3hw2ua261dy,Jeremiah,ירמיהו,8,43,13
cmrokiuhp0000f3hw2ua261dy,Jeremiah,ירמיהו,8,44,30
cmrokiuhp0000f3hw2ua261dy,Jeremiah,ירמיהו,8,45,5
cmrokiuhp0000f3hw2ua261dy,Jeremiah,ירמיהו,8,46,28
cmrokiuhp0000f3hw2ua261dy,Jeremiah,ירמיהו,8,47,7
cmrokiuhp0000f3hw2ua261dy,Jeremiah,ירמיהו,8,48,47
cmrokiuhp0000f3hw2ua261dy,Jeremiah,ירמיהו,8,49,39
cmrokiuhp0000f3hw2ua261dy,Jeremiah,ירמיהו,8,50,46
cmrokiuhp0000f3hw2ua261dy,Jeremiah,ירמיהו,8,51,64
cmrokiuhp0000f3hw2ua261dy,Jeremiah,ירמיהו,8,52,34
cmrokiuhp0000f3hw2ua261dy,Ezekiel,יחזקאל,9,1,28
cmrokiuhp0000f3hw2ua261dy,Ezekiel,יחזקאל,9,2,10
cmrokiuhp0000f3hw2ua261dy,Ezekiel,יחזקאל,9,3,27
cmrokiuhp0000f3hw2ua261dy,Ezekiel,יחזקאל,9,4,17
cmrokiuhp0000f3hw2ua261dy,Ezekiel,יחזקאל,9,5,17
cmrokiuhp0000f3hw2ua261dy,Ezekiel,יחזקאל,9,6,14
cmrokiuhp0000f3hw2ua261dy,Ezekiel,יחזקאל,9,7,27
cmrokiuhp0000f3hw2ua261dy,Ezekiel,יחזקאל,9,8,18
cmrokiuhp0000f3hw2ua261dy,Ezekiel,יחזקאל,9,9,11
cmrokiuhp0000f3hw2ua261dy,Ezekiel,יחזקאל,9,10,22
cmrokiuhp0000f3hw2ua261dy,Ezekiel,יחזקאל,9,11,25
cmrokiuhp0000f3hw2ua261dy,Ezekiel,יחזקאל,9,12,28
cmrokiuhp0000f3hw2ua261dy,Ezekiel,יחזקאל,9,13,23
cmrokiuhp0000f3hw2ua261dy,Ezekiel,יחזקאל,9,14,23
cmrokiuhp0000f3hw2ua261dy,Ezekiel,יחזקאל,9,15,8
cmrokiuhp0000f3hw2ua261dy,Ezekiel,יחזקאל,9,16,63
cmrokiuhp0000f3hw2ua261dy,Ezekiel,יחזקאל,9,17,24
cmrokiuhp0000f3hw2ua261dy,Ezekiel,יחזקאל,9,18,32
cmrokiuhp0000f3hw2ua261dy,Ezekiel,יחזקאל,9,19,14
cmrokiuhp0000f3hw2ua261dy,Ezekiel,יחזקאל,9,20,44
cmrokiuhp0000f3hw2ua261dy,Ezekiel,יחזקאל,9,21,37
cmrokiuhp0000f3hw2ua261dy,Ezekiel,יחזקאל,9,22,31
cmrokiuhp0000f3hw2ua261dy,Ezekiel,יחזקאל,9,23,49
cmrokiuhp0000f3hw2ua261dy,Ezekiel,יחזקאל,9,24,27
cmrokiuhp0000f3hw2ua261dy,Ezekiel,יחזקאל,9,25,17
cmrokiuhp0000f3hw2ua261dy,Ezekiel,יחזקאל,9,26,21
cmrokiuhp0000f3hw2ua261dy,Ezekiel,יחזקאל,9,27,36
cmrokiuhp0000f3hw2ua261dy,Ezekiel,יחזקאל,9,28,26
cmrokiuhp0000f3hw2ua261dy,Ezekiel,יחזקאל,9,29,21
cmrokiuhp0000f3hw2ua261dy,Ezekiel,יחזקאל,9,30,26
cmrokiuhp0000f3hw2ua261dy,Ezekiel,יחזקאל,9,31,18
cmrokiuhp0000f3hw2ua261dy,Ezekiel,יחזקאל,9,32,32
cmrokiuhp0000f3hw2ua261dy,Ezekiel,יחזקאל,9,33,33
cmrokiuhp0000f3hw2ua261dy,Ezekiel,יחזקאל,9,34,31
cmrokiuhp0000f3hw2ua261dy,Ezekiel,יחזקאל,9,35,15
cmrokiuhp0000f3hw2ua261dy,Ezekiel,יחזקאל,9,36,38
cmrokiuhp0000f3hw2ua261dy,Ezekiel,יחזקאל,9,37,28
cmrokiuhp0000f3hw2ua261dy,Ezekiel,יחזקאל,9,38,23
cmrokiuhp0000f3hw2ua261dy,Ezekiel,יחזקאל,9,39,29
cmrokiuhp0000f3hw2ua261dy,Ezekiel,יחזקאל,9,40,49
cmrokiuhp0000f3hw2ua261dy,Ezekiel,יחזקאל,9,41,26
cmrokiuhp0000f3hw2ua261dy,Ezekiel,יחזקאל,9,42,20
cmrokiuhp0000f3hw2ua261dy,Ezekiel,יחזקאל,9,43,27
cmrokiuhp0000f3hw2ua261dy,Ezekiel,יחזקאל,9,44,31
cmrokiuhp0000f3hw2ua261dy,Ezekiel,יחזקאל,9,45,25
cmrokiuhp0000f3hw2ua261dy,Ezekiel,יחזקאל,9,46,24
cmrokiuhp0000f3hw2ua261dy,Ezekiel,יחזקאל,9,47,23
cmrokiuhp0000f3hw2ua261dy,Ezekiel,יחזקאל,9,48,35
cmrokiuhp0000f3hw2ua261dy,Hosea,הושע,10,1,14
cmrokiuhp0000f3hw2ua261dy,Hosea,הושע,10,2,9
cmrokiuhp0000f3hw2ua261dy,Hosea,הושע,10,3,25
cmrokiuhp0000f3hw2ua261dy,Hosea,הושע,10,4,5
cmrokiuhp0000f3hw2ua261dy,Hosea,הושע,10,5,19
cmrokiuhp0000f3hw2ua261dy,Hosea,הושע,10,6,15
cmrokiuhp0000f3hw2ua261dy,Hosea,הושע,10,7,11
cmrokiuhp0000f3hw2ua261dy,Hosea,הושע,10,8,16
cmrokiuhp0000f3hw2ua261dy,Hosea,הושע,10,9,14
cmrokiuhp0000f3hw2ua261dy,Hosea,הושע,10,10,17
cmrokiuhp0000f3hw2ua261dy,Hosea,הושע,10,11,15
cmrokiuhp0000f3hw2ua261dy,Hosea,הושע,10,12,11
cmrokiuhp0000f3hw2ua261dy,Hosea,הושע,10,13,15
cmrokiuhp0000f3hw2ua261dy,Hosea,הושע,10,14,15
cmrokiuhp0000f3hw2ua261dy,Hosea,הושע,10,15,10
cmrokiuhp0000f3hw2ua261dy,Joel,יואל,11,1,3
cmrokiuhp0000f3hw2ua261dy,Joel,יואל,11,2,20
cmrokiuhp0000f3hw2ua261dy,Joel,יואל,11,3,32
cmrokiuhp0000f3hw2ua261dy,Joel,יואל,11,4,21
cmrokiuhp0000f3hw2ua261dy,Amos,עמוס,12,1,9
cmrokiuhp0000f3hw2ua261dy,Amos,עמוס,12,2,15
cmrokiuhp0000f3hw2ua261dy,Amos,עמוס,12,3,16
cmrokiuhp0000f3hw2ua261dy,Amos,עמוס,12,4,15
cmrokiuhp0000f3hw2ua261dy,Amos,עמוס,12,5,13
cmrokiuhp0000f3hw2ua261dy,Amos,עמוס,12,6,27
cmrokiuhp0000f3hw2ua261dy,Amos,עמוס,12,7,14
cmrokiuhp0000f3hw2ua261dy,Amos,עמוס,12,8,17
cmrokiuhp0000f3hw2ua261dy,Amos,עמוס,12,9,14
cmrokiuhp0000f3hw2ua261dy,Amos,עמוס,12,10,15
cmrokiuhp0000f3hw2ua261dy,Obadiah,עובדיה,13,1,1
cmrokiuhp0000f3hw2ua261dy,Obadiah,עובדיה,13,2,21
cmrokiuhp0000f3hw2ua261dy,Jonah,יונה,14,1,4
cmrokiuhp0000f3hw2ua261dy,Jonah,יונה,14,2,16
cmrokiuhp0000f3hw2ua261dy,Jonah,יונה,14,3,11
cmrokiuhp0000f3hw2ua261dy,Jonah,יונה,14,4,10
cmrokiuhp0000f3hw2ua261dy,Jonah,יונה,14,5,11
cmrokiuhp0000f3hw2ua261dy,Micah,מיכה,15,1,7
cmrokiuhp0000f3hw2ua261dy,Micah,מיכה,15,2,16
cmrokiuhp0000f3hw2ua261dy,Micah,מיכה,15,3,13
cmrokiuhp0000f3hw2ua261dy,Micah,מיכה,15,4,12
cmrokiuhp0000f3hw2ua261dy,Micah,מיכה,15,5,14
cmrokiuhp0000f3hw2ua261dy,Micah,מיכה,15,6,14
cmrokiuhp0000f3hw2ua261dy,Micah,מיכה,15,7,16
cmrokiuhp0000f3hw2ua261dy,Micah,מיכה,15,8,20
cmrokiuhp0000f3hw2ua261dy,Nahum,נחום,16,1,3
cmrokiuhp0000f3hw2ua261dy,Nahum,נחום,16,2,14
cmrokiuhp0000f3hw2ua261dy,Nahum,נחום,16,3,14
cmrokiuhp0000f3hw2ua261dy,Nahum,נחום,16,4,19
cmrokiuhp0000f3hw2ua261dy,Habakkuk,חבקוק,17,1,3
cmrokiuhp0000f3hw2ua261dy,Habakkuk,חבקוק,17,2,17
cmrokiuhp0000f3hw2ua261dy,Habakkuk,חבקוק,17,3,20
cmrokiuhp0000f3hw2ua261dy,Habakkuk,חבקוק,17,4,19
cmrokiuhp0000f3hw2ua261dy,Zephaniah,צפניה,18,1,3
cmrokiuhp0000f3hw2ua261dy,Zephaniah,צפניה,18,2,18
cmrokiuhp0000f3hw2ua261dy,Zephaniah,צפניה,18,3,15
cmrokiuhp0000f3hw2ua261dy,Zephaniah,צפניה,18,4,20
cmrokiuhp0000f3hw2ua261dy,Haggai,חגי,19,1,2
cmrokiuhp0000f3hw2ua261dy,Haggai,חגי,19,2,15
cmrokiuhp0000f3hw2ua261dy,Haggai,חגי,19,3,23
cmrokiuhp0000f3hw2ua261dy,Zechariah,זכריה,20,1,14
cmrokiuhp0000f3hw2ua261dy,Zechariah,זכריה,20,2,17
cmrokiuhp0000f3hw2ua261dy,Zechariah,זכריה,20,3,17
cmrokiuhp0000f3hw2ua261dy,Zechariah,זכריה,20,4,10
cmrokiuhp0000f3hw2ua261dy,Zechariah,זכריה,20,5,14
cmrokiuhp0000f3hw2ua261dy,Zechariah,זכריה,20,6,11
cmrokiuhp0000f3hw2ua261dy,Zechariah,זכריה,20,7,15
cmrokiuhp0000f3hw2ua261dy,Zechariah,זכריה,20,8,14
cmrokiuhp0000f3hw2ua261dy,Zechariah,זכריה,20,9,23
cmrokiuhp0000f3hw2ua261dy,Zechariah,זכריה,20,10,17
cmrokiuhp0000f3hw2ua261dy,Zechariah,זכריה,20,11,12
cmrokiuhp0000f3hw2ua261dy,Zechariah,זכריה,20,12,17
cmrokiuhp0000f3hw2ua261dy,Zechariah,זכריה,20,13,14
cmrokiuhp0000f3hw2ua261dy,Zechariah,זכריה,20,14,9
cmrokiuhp0000f3hw2ua261dy,Zechariah,זכריה,20,15,21
cmrokiuhp0000f3hw2ua261dy,Malachi,מלאכי,21,1,4
cmrokiuhp0000f3hw2ua261dy,Malachi,מלאכי,21,2,14
cmrokiuhp0000f3hw2ua261dy,Malachi,מלאכי,21,3,17
cmrokiuhp0000f3hw2ua261dy,Malachi,מלאכי,21,4,24
cmrokiuhp0000f3hw2ua261dz,Proverbs,משלי,1,1,33
cmrokiuhp0000f3hw2ua261dz,Proverbs,משלי,1,2,22
cmrokiuhp0000f3hw2ua261dz,Proverbs,משלי,1,3,35
cmrokiuhp0000f3hw2ua261dz,Proverbs,משלי,1,4,27
cmrokiuhp0000f3hw2ua261dz,Proverbs,משלי,1,5,23
cmrokiuhp0000f3hw2ua261dz,Proverbs,משלי,1,6,35
cmrokiuhp0000f3hw2ua261dz,Proverbs,משלי,1,7,27
cmrokiuhp0000f3hw2ua261dz,Proverbs,משלי,1,8,36
cmrokiuhp0000f3hw2ua261dz,Proverbs,משלי,1,9,18
cmrokiuhp0000f3hw2ua261dz,Proverbs,משלי,1,10,32
cmrokiuhp0000f3hw2ua261dz,Proverbs,משלי,1,11,31
cmrokiuhp0000f3hw2ua261dz,Proverbs,משלי,1,12,28
cmrokiuhp0000f3hw2ua261dz,Proverbs,משלי,1,13,25
cmrokiuhp0000f3hw2ua261dz,Proverbs,משלי,1,14,35
cmrokiuhp0000f3hw2ua261dz,Proverbs,משלי,1,15,33
cmrokiuhp0000f3hw2ua261dz,Proverbs,משלי,1,16,33
cmrokiuhp0000f3hw2ua261dz,Proverbs,משלי,1,17,28
cmrokiuhp0000f3hw2ua261dz,Proverbs,משלי,1,18,24
cmrokiuhp0000f3hw2ua261dz,Proverbs,משלי,1,19,29
cmrokiuhp0000f3hw2ua261dz,Proverbs,משלי,1,20,30
cmrokiuhp0000f3hw2ua261dz,Proverbs,משלי,1,21,31
cmrokiuhp0000f3hw2ua261dz,Proverbs,משלי,1,22,29
cmrokiuhp0000f3hw2ua261dz,Proverbs,משלי,1,23,35
cmrokiuhp0000f3hw2ua261dz,Proverbs,משלי,1,24,34
cmrokiuhp0000f3hw2ua261dz,Proverbs,משלי,1,25,28
cmrokiuhp0000f3hw2ua261dz,Proverbs,משלי,1,26,28
cmrokiuhp0000f3hw2ua261dz,Proverbs,משלי,1,27,27
cmrokiuhp0000f3hw2ua261dz,Proverbs,משלי,1,28,28
cmrokiuhp0000f3hw2ua261dz,Proverbs,משלי,1,29,27
cmrokiuhp0000f3hw2ua261dz,Proverbs,משלי,1,30,33
cmrokiuhp0000f3hw2ua261dz,Proverbs,משלי,1,31,31
cmrokiuhp0000f3hw2ua261dz,Job,איוב,2,1,22
cmrokiuhp0000f3hw2ua261dz,Job,איוב,2,2,13
cmrokiuhp0000f3hw2ua261dz,Job,איוב,2,3,26
cmrokiuhp0000f3hw2ua261dz,Job,איוב,2,4,21
cmrokiuhp0000f3hw2ua261dz,Job,איוב,2,5,27
cmrokiuhp0000f3hw2ua261dz,Job,איוב,2,6,30
cmrokiuhp0000f3hw2ua261dz,Job,איוב,2,7,21
cmrokiuhp0000f3hw2ua261dz,Job,איוב,2,8,22
cmrokiuhp0000f3hw2ua261dz,Job,איוב,2,9,35
cmrokiuhp0000f3hw2ua261dz,Job,איוב,2,10,22
cmrokiuhp0000f3hw2ua261dz,Job,איוב,2,11,20
cmrokiuhp0000f3hw2ua261dz,Job,איוב,2,12,25
cmrokiuhp0000f3hw2ua261dz,Job,איוב,2,13,28
cmrokiuhp0000f3hw2ua261dz,Job,איוב,2,14,22
cmrokiuhp0000f3hw2ua261dz,Job,איוב,2,15,35
cmrokiuhp0000f3hw2ua261dz,Job,איוב,2,16,22
cmrokiuhp0000f3hw2ua261dz,Job,איוב,2,17,16
cmrokiuhp0000f3hw2ua261dz,Job,איוב,2,18,21
cmrokiuhp0000f3hw2ua261dz,Job,איוב,2,19,29
cmrokiuhp0000f3hw2ua261dz,Job,איוב,2,20,29
cmrokiuhp0000f3hw2ua261dz,Job,איוב,2,21,34
cmrokiuhp0000f3hw2ua261dz,Job,איוב,2,22,30
cmrokiuhp0000f3hw2ua261dz,Job,איוב,2,23,17
cmrokiuhp0000f3hw2ua261dz,Job,איוב,2,24,25
cmrokiuhp0000f3hw2ua261dz,Job,איוב,2,25,6
cmrokiuhp0000f3hw2ua261dz,Job,איוב,2,26,14
cmrokiuhp0000f3hw2ua261dz,Job,איוב,2,27,23
cmrokiuhp0000f3hw2ua261dz,Job,איוב,2,28,28
cmrokiuhp0000f3hw2ua261dz,Job,איוב,2,29,25
cmrokiuhp0000f3hw2ua261dz,Job,איוב,2,30,31
cmrokiuhp0000f3hw2ua261dz,Job,איוב,2,31,40
cmrokiuhp0000f3hw2ua261dz,Job,איוב,2,32,22
cmrokiuhp0000f3hw2ua261dz,Job,איוב,2,33,33
cmrokiuhp0000f3hw2ua261dz,Job,איוב,2,34,37
cmrokiuhp0000f3hw2ua261dz,Job,איוב,2,35,16
cmrokiuhp0000f3hw2ua261dz,Job,איוב,2,36,33
cmrokiuhp0000f3hw2ua261dz,Job,איוב,2,37,24
cmrokiuhp0000f3hw2ua261dz,Job,איוב,2,38,41
cmrokiuhp0000f3hw2ua261dz,Job,איוב,2,39,30
cmrokiuhp0000f3hw2ua261dz,Job,איוב,2,40,24
cmrokiuhp0000f3hw2ua261dz,Job,איוב,2,41,34
cmrokiuhp0000f3hw2ua261dz,Job,איוב,2,42,17
cmrokiuhp0000f3hw2ua261dz,Song of Songs,שיר השירים,3,1,17
cmrokiuhp0000f3hw2ua261dz,Song of Songs,שיר השירים,3,2,17
cmrokiuhp0000f3hw2ua261dz,Song of Songs,שיר השירים,3,3,11
cmrokiuhp0000f3hw2ua261dz,Song of Songs,שיר השירים,3,4,16
cmrokiuhp0000f3hw2ua261dz,Song of Songs,שיר השירים,3,5,16
cmrokiuhp0000f3hw2ua261dz,Song of Songs,שיר השירים,3,6,12
cmrokiuhp0000f3hw2ua261dz,Song of Songs,שיר השירים,3,7,14
cmrokiuhp0000f3hw2ua261dz,Song of Songs,שיר השירים,3,8,14
cmrokiuhp0000f3hw2ua261dz,Ruth,רות,4,1,22
cmrokiuhp0000f3hw2ua261dz,Ruth,רות,4,2,23
cmrokiuhp0000f3hw2ua261dz,Ruth,רות,4,3,18
cmrokiuhp0000f3hw2ua261dz,Ruth,רות,4,4,22
cmrokiuhp0000f3hw2ua261dz,Lamentations,איכה,5,1,22
cmrokiuhp0000f3hw2ua261dz,Lamentations,איכה,5,2,22
cmrokiuhp0000f3hw2ua261dz,Lamentations,איכה,5,3,66
cmrokiuhp0000f3hw2ua261dz,Lamentations,איכה,5,4,22
cmrokiuhp0000f3hw2ua261dz,Lamentations,איכה,5,5,22
cmrokiuhp0000f3hw2ua261dz,Ecclesiastes,קהלת,6,1,18
cmrokiuhp0000f3hw2ua261dz,Ecclesiastes,קהלת,6,2,26
cmrokiuhp0000f3hw2ua261dz,Ecclesiastes,קהלת,6,3,22
cmrokiuhp0000f3hw2ua261dz,Ecclesiastes,קהלת,6,4,17
cmrokiuhp0000f3hw2ua261dz,Ecclesiastes,קהלת,6,5,19
cmrokiuhp0000f3hw2ua261dz,Ecclesiastes,קהלת,6,6,12
cmrokiuhp0000f3hw2ua261dz,Ecclesiastes,קהלת,6,7,29
cmrokiuhp0000f3hw2ua261dz,Ecclesiastes,קהלת,6,8,17
cmrokiuhp0000f3hw2ua261dz,Ecclesiastes,קהלת,6,9,18
cmrokiuhp0000f3hw2ua261dz,Ecclesiastes,קהלת,6,10,20
cmrokiuhp0000f3hw2ua261dz,Ecclesiastes,קהלת,6,11,10
cmrokiuhp0000f3hw2ua261dz,Ecclesiastes,קהלת,6,12,14
cmrokiuhp0000f3hw2ua261dz,Esther,אסתר,7,1,22
cmrokiuhp0000f3hw2ua261dz,Esther,אסתר,7,2,23
cmrokiuhp0000f3hw2ua261dz,Esther,אסתר,7,3,15
cmrokiuhp0000f3hw2ua261dz,Esther,אסתר,7,4,17
cmrokiuhp0000f3hw2ua261dz,Esther,אסתר,7,5,14
cmrokiuhp0000f3hw2ua261dz,Esther,אסתר,7,6,14
cmrokiuhp0000f3hw2ua261dz,Esther,אסתר,7,7,10
cmrokiuhp0000f3hw2ua261dz,Esther,אסתר,7,8,17
cmrokiuhp0000f3hw2ua261dz,Esther,אסתר,7,9,32
cmrokiuhp0000f3hw2ua261dz,Esther,אסתר,7,10,3
cmrokiuhp0000f3hw2ua261dz,Daniel,דניאל,8,1,21
cmrokiuhp0000f3hw2ua261dz,Daniel,דניאל,8,2,49
cmrokiuhp0000f3hw2ua261dz,Daniel,דניאל,8,3,30
cmrokiuhp0000f3hw2ua261dz,Daniel,דניאל,8,4,37
cmrokiuhp0000f3hw2ua261dz,Daniel,דניאל,8,5,31
cmrokiuhp0000f3hw2ua261dz,Daniel,דניאל,8,6,28
cmrokiuhp0000f3hw2ua261dz,Daniel,דניאל,8,7,28
cmrokiuhp0000f3hw2ua261dz,Daniel,דניאל,8,8,27
cmrokiuhp0000f3hw2ua261dz,Daniel,דניאל,8,9,27
cmrokiuhp0000f3hw2ua261dz,Daniel,דניאל,8,10,21
cmrokiuhp0000f3hw2ua261dz,Daniel,דניאל,8,11,45
cmrokiuhp0000f3hw2ua261dz,Daniel,דניאל,8,12,13
cmrokiuhp0000f3hw2ua261dz,Ezra,עזרא,9,1,11
cmrokiuhp0000f3hw2ua261dz,Ezra,עזרא,9,2,70
cmrokiuhp0000f3hw2ua261dz,Ezra,עזרא,9,3,13
cmrokiuhp0000f3hw2ua261dz,Ezra,עזרא,9,4,24
cmrokiuhp0000f3hw2ua261dz,Ezra,עזרא,9,5,17
cmrokiuhp0000f3hw2ua261dz,Ezra,עזרא,9,6,22
cmrokiuhp0000f3hw2ua261dz,Ezra,עזרא,9,7,28
cmrokiuhp0000f3hw2ua261dz,Ezra,עזרא,9,8,36
cmrokiuhp0000f3hw2ua261dz,Ezra,עזרא,9,9,15
cmrokiuhp0000f3hw2ua261dz,Ezra,עזרא,9,10,44
cmrokiuhp0000f3hw2ua261dz,Nehemiah,נחמיה,10,1,11
cmrokiuhp0000f3hw2ua261dz,Nehemiah,נחמיה,10,2,20
cmrokiuhp0000f3hw2ua261dz,Nehemiah,נחמיה,10,3,32
cmrokiuhp0000f3hw2ua261dz,Nehemiah,נחמיה,10,4,23
cmrokiuhp0000f3hw2ua261dz,Nehemiah,נחמיה,10,5,19
cmrokiuhp0000f3hw2ua261dz,Nehemiah,נחמיה,10,6,19
cmrokiuhp0000f3hw2ua261dz,Nehemiah,נחמיה,10,7,73
cmrokiuhp0000f3hw2ua261dz,Nehemiah,נחמיה,10,8,18
cmrokiuhp0000f3hw2ua261dz,Nehemiah,נחמיה,10,9,38
cmrokiuhp0000f3hw2ua261dz,Nehemiah,נחמיה,10,10,39
cmrokiuhp0000f3hw2ua261dz,Nehemiah,נחמיה,10,11,36
cmrokiuhp0000f3hw2ua261dz,Nehemiah,נחמיה,10,12,47
cmrokiuhp0000f3hw2ua261dz,Nehemiah,נחמיה,10,13,31
cmrokiuhp0000f3hw2ua261dz,1 Chronicles,דברי הימים א,11,1,54
cmrokiuhp0000f3hw2ua261dz,1 Chronicles,דברי הימים א,11,2,55
cmrokiuhp0000f3hw2ua261dz,1 Chronicles,דברי הימים א,11,3,24
cmrokiuhp0000f3hw2ua261dz,1 Chronicles,דברי הימים א,11,4,43
cmrokiuhp0000f3hw2ua261dz,1 Chronicles,דברי הימים א,11,5,26
cmrokiuhp0000f3hw2ua261dz,1 Chronicles,דברי הימים א,11,6,81
cmrokiuhp0000f3hw2ua261dz,1 Chronicles,דברי הימים א,11,7,40
cmrokiuhp0000f3hw2ua261dz,1 Chronicles,דברי הימים א,11,8,40
cmrokiuhp0000f3hw2ua261dz,1 Chronicles,דברי הימים א,11,9,44
cmrokiuhp0000f3hw2ua261dz,1 Chronicles,דברי הימים א,11,10,14
cmrokiuhp0000f3hw2ua261dz,1 Chronicles,דברי הימים א,11,11,47
cmrokiuhp0000f3hw2ua261dz,1 Chronicles,דברי הימים א,11,12,40
cmrokiuhp0000f3hw2ua261dz,1 Chronicles,דברי הימים א,11,13,14
cmrokiuhp0000f3hw2ua261dz,1 Chronicles,דברי הימים א,11,14,17
cmrokiuhp0000f3hw2ua261dz,1 Chronicles,דברי הימים א,11,15,29
cmrokiuhp0000f3hw2ua261dz,1 Chronicles,דברי הימים א,11,16,43
cmrokiuhp0000f3hw2ua261dz,1 Chronicles,דברי הימים א,11,17,27
cmrokiuhp0000f3hw2ua261dz,1 Chronicles,דברי הימים א,11,18,17
cmrokiuhp0000f3hw2ua261dz,1 Chronicles,דברי הימים א,11,19,19
cmrokiuhp0000f3hw2ua261dz,1 Chronicles,דברי הימים א,11,20,8
cmrokiuhp0000f3hw2ua261dz,1 Chronicles,דברי הימים א,11,21,30
cmrokiuhp0000f3hw2ua261dz,1 Chronicles,דברי הימים א,11,22,19
cmrokiuhp0000f3hw2ua261dz,1 Chronicles,דברי הימים א,11,23,32
cmrokiuhp0000f3hw2ua261dz,1 Chronicles,דברי הימים א,11,24,31
cmrokiuhp0000f3hw2ua261dz,1 Chronicles,דברי הימים א,11,25,31
cmrokiuhp0000f3hw2ua261dz,1 Chronicles,דברי הימים א,11,26,32
cmrokiuhp0000f3hw2ua261dz,1 Chronicles,דברי הימים א,11,27,34
cmrokiuhp0000f3hw2ua261dz,1 Chronicles,דברי הימים א,11,28,21
cmrokiuhp0000f3hw2ua261dz,1 Chronicles,דברי הימים א,11,29,30
cmrokiuhp0000f3hw2ua261dz,2 Chronicles,דברי הימים ב,12,1,17
cmrokiuhp0000f3hw2ua261dz,2 Chronicles,דברי הימים ב,12,2,18
cmrokiuhp0000f3hw2ua261dz,2 Chronicles,דברי הימים ב,12,3,17
cmrokiuhp0000f3hw2ua261dz,2 Chronicles,דברי הימים ב,12,4,22
cmrokiuhp0000f3hw2ua261dz,2 Chronicles,דברי הימים ב,12,5,14
cmrokiuhp0000f3hw2ua261dz,2 Chronicles,דברי הימים ב,12,6,42
cmrokiuhp0000f3hw2ua261dz,2 Chronicles,דברי הימים ב,12,7,22
cmrokiuhp0000f3hw2ua261dz,2 Chronicles,דברי הימים ב,12,8,18
cmrokiuhp0000f3hw2ua261dz,2 Chronicles,דברי הימים ב,12,9,31
cmrokiuhp0000f3hw2ua261dz,2 Chronicles,דברי הימים ב,12,10,19
cmrokiuhp0000f3hw2ua261dz,2 Chronicles,דברי הימים ב,12,11,23
cmrokiuhp0000f3hw2ua261dz,2 Chronicles,דברי הימים ב,12,12,16
cmrokiuhp0000f3hw2ua261dz,2 Chronicles,דברי הימים ב,12,13,22
cmrokiuhp0000f3hw2ua261dz,2 Chronicles,דברי הימים ב,12,14,15
cmrokiuhp0000f3hw2ua261dz,2 Chronicles,דברי הימים ב,12,15,19
cmrokiuhp0000f3hw2ua261dz,2 Chronicles,דברי הימים ב,12,16,14
cmrokiuhp0000f3hw2ua261dz,2 Chronicles,דברי הימים ב,12,17,19
cmrokiuhp0000f3hw2ua261dz,2 Chronicles,דברי הימים ב,12,18,34
cmrokiuhp0000f3hw2ua261dz,2 Chronicles,דברי הימים ב,12,19,11
cmrokiuhp0000f3hw2ua261dz,2 Chronicles,דברי הימים ב,12,20,37
cmrokiuhp0000f3hw2ua261dz,2 Chronicles,דברי הימים ב,12,21,20
cmrokiuhp0000f3hw2ua261dz,2 Chronicles,דברי הימים ב,12,22,12
cmrokiuhp0000f3hw2ua261dz,2 Chronicles,דברי הימים ב,12,23,21
cmrokiuhp0000f3hw2ua261dz,2 Chronicles,דברי הימים ב,12,24,27
cmrokiuhp0000f3hw2ua261dz,2 Chronicles,דברי הימים ב,12,25,28
cmrokiuhp0000f3hw2ua261dz,2 Chronicles,דברי הימים ב,12,26,23
cmrokiuhp0000f3hw2ua261dz,2 Chronicles,דברי הימים ב,12,27,9
cmrokiuhp0000f3hw2ua261dz,2 Chronicles,דברי הימים ב,12,28,27
cmrokiuhp0000f3hw2ua261dz,2 Chronicles,דברי הימים ב,12,29,36
cmrokiuhp0000f3hw2ua261dz,2 Chronicles,דברי הימים ב,12,30,27
cmrokiuhp0000f3hw2ua261dz,2 Chronicles,דברי הימים ב,12,31,21
cmrokiuhp0000f3hw2ua261dz,2 Chronicles,דברי הימים ב,12,32,33
cmrokiuhp0000f3hw2ua261dz,2 Chronicles,דברי הימים ב,12,33,25
cmrokiuhp0000f3hw2ua261dz,2 Chronicles,דברי הימים ב,12,34,33
cmrokiuhp0000f3hw2ua261dz,2 Chronicles,דברי הימים ב,12,35,27
cmrokiuhp0000f3hw2ua261dz,2 Chronicles,דברי הימים ב,12,36,23
